{"episode_rewards": [-200.0, -200.0, -200.0, -200.0, -200.0, 0], "episode_lengths": [200, 200, 200, 200, 200, 0], "timestamps": [1469039884.8881729, 1469039888.294583, 1469039888.4902728, 1469039888.6132598, 1469039888.7403953, 1469039888.7413464], "initial_reset_timestamp": 1469039881.168518}