{"initial_reset_timestamp": 1469592036.72254, "episode_lengths": [1000], "episode_rewards": [-1000.0], "timestamps": [1469592053.8059766]}